<?xml version="1.0" encoding="UTF-8" standalone="no"?>
<corpus>
<instance id="508">Lawmaker#n#1 seek#v#3 iPod#n#1 ban#n#1 in#CL crosswalk#n#1 in#CL New#n#ND York#n#1 .#IT</instance>
<instance id="519">Male#a#1 sweat#n#4 boost#v#3 woman#n#1 #NT hormone#n#1 level#n#3 .#IT</instance>
<instance id="521">Democrat#n#1 plot#v#4 Bush#n#1 troop#n#2 increase#n#5 censure#n#1 .#IT</instance>
<instance id="525">US#n#1 Airway#n#1 boost#v#3 bid#n#1 for#CL Delta#n#1 .#IT</instance>
<instance id="542">Federer#n#ND hand#v#1 tough#a#3 Aussie#n#1 draw#n#5 .#IT</instance>
<instance id="548">Sarkozy#a#ND head#v#1 for#CL clash#n#3 in#CL cartoon#n#2 row#n#6 .#IT</instance>
<instance id="556">India#n#1 #NT Taj#n#ND Mahal#n#ND get#v#1 facelift#n#1 .#IT</instance>
<instance id="562">News#n#2 analysis#n#2 :#IT Iranian#a#1 boast#n#1 be#v#1 put#v#1 to#CL test#n#5 .#IT</instance>
<instance id="563">Panel#n#5 issue#v#2 bleak#a#3 report#n#3 on#CL climate#n#2 change#n#1 .#IT</instance>
<instance id="566">`#IT Stomp#n#1 '#POS#IT step#v#9 to#CL No.#v#ND 1#a#1 at#CL box#n#1 office#n#2 .#IT</instance>
<instance id="572">EU#n#2 will#v#3 urge#v#1 China#n#1 to#CL go#v#1 green#a#1 .#IT</instance>
<instance id="602">A#CL mistrial#n#NR for#CL Lieut#n#ND #MW#MW .#IT</instance>
<instance id="611">Asia#n#1 seek#v#2 breakthrough#n#3 on#CL North#n#2 Korea#n#1 .#IT</instance>
<instance id="612">Federer#n#ND overcome#v#1 a#CL ragged#a#1 start#n#5 .#IT</instance>
<instance id="614">Terai#a#ND protester#n#1 hail#v#1 `#IT historic#a#1 '#''#IT victory#n#1 over#CL government#n#1 .#IT</instance>
<instance id="619">Sleep#v#1 more#a#2 to#CL fight#v#1 childhood#n#1 obesity#n#1 .#IT</instance>
<instance id="622">Sleuth#n#1 close#v#17 in#r#1 on#CL Odysseus#n#1 home#n#2 .#IT</instance>
<instance id="624">Ice#n#1 storm#n#1 cripple#v#2 central#a#2 U.S.#n#2 .#IT</instance>
<instance id="625">Park#n#5 star#v#3 as#CL United#n#ND maintain#v#1 lead#n#3 .#IT</instance>
<instance id="627">India#n#1 #NT famous#a#1 landmark#n#2 get#v#1 facelift#n#1 .#IT</instance>
<instance id="640">Firm#n#1 on#CL alert#n#3 for#CL letter#n#1 bomb#n#1 .#IT</instance>
<instance id="644">Porn#n#1 ring#n#5 scandal#n#2 reach#v#8 Australia#n#1 .#IT</instance>
<instance id="663">Space#n#6 life#n#5 search#n#1 turn#v#2 to#CL TV#n#1 .#IT</instance>
<instance id="664">Super#n#1 Bowl#n#5 ad#n#1 of#CL cartoonish#a#ND violence#n#1 ,#IT perhaps#r#1 reflect#v#2 toll#n#3 of#CL war#n#1 .#IT</instance>
<instance id="670">Republican#n#3 plan#v#2 to#CL block#v#2 Iraq#n#1 debate#n#2 .#IT</instance>
<instance id="671">Mixed#a#1 reaction#n#3 to#CL China#n#1 #NT Africa#n#1 push#n#4 .#IT</instance>
<instance id="676">Right#n#1 group#n#1 halt#v#2 violent#a#1 Nepal#n#1 strike#n#2 .#IT</instance>
<instance id="685">Township#n#1 tourism#n#1 booming#a#1 in#CL South#n#1 Africa#n#1 .#IT</instance>
<instance id="694">US#n#1 million#n#2 fail#v#4 to#CL buy#v#1 influence#n#2 in#CL deadly#a#3 Gaza#n#1 power#n#1 play#n#3 .#IT</instance>
<instance id="697">New#n#ND Orleans#n#2 violence#n#1 spark#v#2 tourism#n#1 fear#n#1 .#IT</instance>
<instance id="704">Goetschl#n#ND end#v#2 Austrian#a#1 win#v#4 drought#n#2 .#IT</instance>
<instance id="708">Peretz#n#ND order#v#1 IDF#n#1 to#CL respond#v#1 with#CL force#n#5 to#CL north#a#1 border#n#1 attack#n#1 .#IT</instance>
<instance id="716">Israeli#a#1 woman#n#1 #NT tirade#n#1 spur#v#1 PM#n#3 outrage#n#3 .#IT</instance>
<instance id="719">Italy#n#1 to#CL try#v#1 US#n#1 soldier#n#1 for#CL agent#n#2 #NT Iraq#n#1 death#n#1 .#IT</instance>
<instance id="727">Pap#n#2 Test#n#5 ,#IT a#CL mainstay#n#3 against#CL cervical#a#1 cancer#n#2 ,#IT may#v#ND be#v#1 fade#v#2 .#IT</instance>
<instance id="748">`#IT We#CL light#v#4 our#CL last#a#7 candle#n#2 yesterday#n#1 '#''#IT .#IT</instance>
<instance id="753">Eight#a#1 year#n#2 youth#n#5 custody#n#3 for#CL Damilola#n#ND killer#n#1 .#IT</instance>
<instance id="758">Science#n#1 panel#n#2 call#v#18 global#a#1 warming#n#1 unequivocal#a#1 .#IT</instance>
<instance id="761">Germany#n#1 agonize#v#1 over#CL a#CL brain_drain#n#1 .#IT</instance>
<instance id="765">Philippine#a#1 president#n#2 welcome#v#1 Senate#n#1 approval#n#1 of#CL anti#CL terror#n#4 bill#n#1 .#IT</instance>
<instance id="770">Iran#n#1 #NT boast#n#1 on#CL uranium#n#1 enrichment#n#1 be#v#1 put#v#1 to#CL test#n#5 .#IT</instance>
<instance id="772">Bird#n#4 watcher#n#1 flock#v#1 to#CL see#v#21 rare#a#5 owl#n#1 .#IT</instance>
<instance id="773">Eye#n#1 on#CL cosmos#n#1 be#v#1 lose#v#1 to#CL short#a#1 circuit#n#2 on#CL hubble#n#1 .#IT</instance>
<instance id="777">Rare#a#5 optimism#n#2 as#CL North#n#2 Korea#n#1 talk#n#1 reach#v#5 crossroad#n#1 .#IT</instance>
<instance id="783">Wellcome#n#ND award#v#2 anti#CL fat#n#3 research#n#1 .#IT</instance>
<instance id="786">What#CL Newsom#n#ND face#v#2 in#CL aftermath#n#2 of#CL scandal#n#2 .#IT</instance>
<instance id="800">In#CL rigorous#a#2 test#n#5 ,#IT talk#n#1 therapy#n#1 work#v#1 for#CL panic#n#2 disorder#n#1 .#IT</instance>
<instance id="802">On#CL road#n#2 to#CL Kosovo#n#1 independence#n#1 ,#IT a#CL warning#n#2 :#IT go#v#1 slow#a#1 .#IT</instance>
<instance id="806">Subway#n#1 collapse#n#1 catch#v#7 on#CL camera#n#1 .#IT</instance>
<instance id="810">Fuel#n#1 spill#n#3 may#v#ND lead#v#2 to#CL miss#v#9 jet#n#2 .#IT</instance>
<instance id="814">Israel#n#1 say#v#1 hope#v#3 to#CL keep#v#1 Lebanon#n#1 border#n#1 calm#a#2 .#IT</instance>
<instance id="824">U.S.#n#2 keep_open#v#1 Iran#n#1 option#n#2 .#IT</instance>
<instance id="830">Woman#n#1 die#v#4 after#CL water#n#2 binge#n#2 .#IT</instance>
<instance id="831">Mancuso#n#ND spark#v#2 U.S.#n#2 celebration#n#2 .#IT</instance>
<instance id="840">Attorney#n#1 point#v#4 finger#n#1 in#CL fight#n#2 between#CL Ryan#n#ND O'Neal#n#ND and#CL son#n#2 .#IT</instance>
<instance id="845">China#n#1 urge#v#1 UN#n#1 action#n#4 on#CL N#n#1 Korea#n#1 .#IT</instance>
<instance id="847">Male#a#1 sweat#n#4 boost#v#3 woman#n#1 #NT hormone#n#1 level#n#3 .#IT</instance>
<instance id="850">Israeli#a#1 ,#IT Lebanese#a#1 clash#n#4 on#CL border#n#1 .#IT</instance>
<instance id="857">Ballerina#n#1 spark#v#2 anti#CL fascist#a#1 row#n#4 .#IT</instance>
<instance id="858">Internet#n#1 boom#n#3 in#CL China#n#2 be#v#1 build#v#1 on#CL virtual#a#1 fun#n#4 .#IT</instance>
<instance id="866">Ferrer#n#ND victorious#a#2 in#CL Spanish#a#1 duel#n#1 .#IT</instance>
<instance id="867">UK#n#1 worker#n#1 on#CL alert#n#3 for#CL letter#n#1 bomb#n#1 .#IT</instance>
<instance id="873">Microsoft#n#ND support#v#4 OpenID#n#ND authentication#n#2 standard#n#5 .#IT</instance>
<instance id="876">China#n#1 say#v#1 rich#a#1 country#n#5 should#v#ND take#v#17 lead#n#7 on#CL global#a#1 warming#n#1 .#IT</instance>
<instance id="879">Barack#n#ND Obama#n#ND formally#r#1 announce#v#2 bid#n#1 for#CL president#n#2 .#IT</instance>
<instance id="887">Indonesia#n#1 flood#n#6 force#v#7 340,000#a#ND from#CL home#n#2 .#IT</instance>
<instance id="894">Donald#n#ND and#CL Goydos#n#ND share#v#4 Sony#n#ND lead#n#9 .#IT</instance>
<instance id="898">Blair#n#1 :#IT Terror#n#1 battle#n#3 will#v#2 be#v#1 long#a#1 .#IT</instance>
<instance id="908">Botch#v#1 hanging#n#2 in#CL Iraq#n#1 speed#v#1 sectarianism#n#1 .#IT</instance>
<instance id="910">7#a#1 GOP#n#1 senator#n#1 to#CL force#v#1 debate#n#2 on#CL troops#n#1 in#CL Iraq#n#1 .#IT</instance>
<instance id="912">Italy#n#1 #NT dispute#n#1 with#CL US#n#1 over#CL Iraq#n#1 shooting#n#2 .#IT</instance>
<instance id="930">Second#a#1 drop#n#2 in#CL cancer#n#1 death#n#1 could#v#ND point#v#4 to#CL a#CL trend#n#1 ,#IT researcher#n#1 say#v#1 .#IT</instance>
<instance id="945">Software#n#1 giant#a#1 SAP#n#2 miss#v#7 target#n#1 .#IT</instance>
<instance id="941">In#CL Egypt#n#1 ,#IT Rice#n#3 speak#v#1 softly#r#3 .#IT</instance>
<instance id="947">De#n#1 Villiers#n#ND stretch#v#10 overall#a#2 lead#n#10 .#IT</instance>
<instance id="952">Nadal#n#ND want#v#3 Australian#n#1 Open#n#2 crown#n#4 .#IT</instance>
<instance id="963">Beckham#n#ND outline#v#1 reason#n#2 for#CL move#n#3 .#IT</instance>
<instance id="965">Venezuela#n#1 ,#IT Iran#n#1 fight#v#1 U.S.#n#2 dominance#n#2 .#IT</instance>
<instance id="970">Tsunami#n#1 fear#n#1 ease#v#3 after#CL quake#n#1 .#IT</instance>
<instance id="972">Underarm#a#1 bowl_over#v#1 them#CL .#IT</instance>
<instance id="974">New#n#ND McCain#n#ND team#n#2 make#v#3 attack#n#1 ad#n#1 he#CL once#r#1 fault#v#1 .#IT</instance>
<instance id="992">Gere#a#ND cheer#v#5 sex#n#1 worker#n#1 in#CL AIDS#n#1 fight#n#2 .#IT</instance>
<instance id="995">Surprise#n#2 :#IT China#n#1 cut#v#1 price#n#2 of#CL gas#n#2 .#IT</instance>
<instance id="1002">Iraqi#a#1 sunni#n#2 land#n#5 show#v#4 new#a#1 oil#n#3 and#CL gas#n#2 promise#n#1 .#IT</instance>
<instance id="1003">Princess#n#1 and#CL heir#n#1 of#CL Franz#n#ND Ferdinand#n#1 fight#v#1 to#CL repeal#v#1 a#CL law#n#4 and#CL gain#v#2 a#CL castle#n#1 .#IT</instance>
<instance id="1006">North#n#2 Africa#n#1 fear#v#2 as#CL staging#n#1 ground#n#1 for#CL terror#n#1 .#IT</instance>
<instance id="1021">Book#n#1 on#CL science#n#1 :#IT The#CL problem#n#2 in#CL modeling#n#1 nature#n#4 ,#IT with#CL its#CL unruly#a#1 natural#a#9 tendency#n#1 .#IT</instance>
<instance id="1040">Iraqi#a#1 suicide#n#1 attack#n#1 kill#v#1 two#a#1 US#n#1 troops#n#1 as#CL militant#n#1 fight#n#1 purge#v#3 .#IT</instance>
<instance id="1048">Iran#n#1 top#a#1 nuclear#a#4 envoy#n#3 head#v#6 for#CL Vienna#n#1 for#CL nuke#n#1 talk#n#3 .#IT</instance>
<instance id="1053">Royal#n#2 seek#v#1 to#CL revive#v#3 French#a#1 bid#n#2 .#IT</instance>
<instance id="1062">Taliban#n#1 seize#v#5 rural#a#1 district#n#1 in#CL southwest#n#2 as#CL police#n#1 flee#v#1 .#IT</instance>
<instance id="1074">London#n#2 be#v#1 pace#n#3 setter#n#2 on#CL congestion#n#2 toll#n#3 ,#IT say#v#1 mayor#n#1 .#IT</instance>
<instance id="1075">Protest#n#2 greet#v#1 congestion#n#2 charge#n#3 #NT westward#r#1 push#v#1 .#IT</instance>
<instance id="1077">Thai#n#2 Govt#n#ND move#v#1 to#CL smooth_over#v#1 relation#n#1 with#CL south#n#3 .#IT</instance>
<instance id="1079">Root#n#1 of#CL autism#n#1 more#r#1 complex#a#1 than#CL thought#n#1 .#IT</instance>
<instance id="1081">Canadian#a#1 breakthrough#n#1 offer#n#2 hope#v#3 on#CL autism#n#1 .#IT</instance>
<instance id="1091">Stop#v#1 cancer#n#4 with#CL a#CL shot#n#3 .#IT</instance>
<instance id="1095">Bernard#n#1 Matthew#n#1 to#CL lay_off#v#1 up#CL to#CL 500#a#1 worker#n#1 .#IT</instance>
<instance id="1096">Matthew#n#1 lay_off#v#1 130#a#1 turkey#n#2 worker#n#1 .#IT</instance>
<instance id="1113">Pig#n#1 cell#n#2 hope#v#3 for#CL diabetes#n#1 cure#n#1 .#IT</instance>
<instance id="1115">Foetal#a#1 mechanism#n#5 help#v#1 heart#n#4 failure#n#3 .#IT</instance>
<instance id="1125">Bush#n#1 official#n#1 :#IT no#CL big#a#1 move#n#3 in#CL Iraq#n#1 plan#n#1 .#IT</instance>
<instance id="1126">Opponent#n#2 be#v#1 put#v#1 on_the_spot#r#1 over#CL remark#n#1 about#CL Clinton#n#2 .#IT</instance>
<instance id="1129">Enron#n#ND bos#n#1 get#v#1 24#NT year#n#2 sentence#n#3 .#IT</instance>
<instance id="1131">Google#n#1 unveil#v#2 do-it-yourself#a#1 search#n#1 engine#n#3 .#IT</instance>
<instance id="1133">Oracle#n#1 World#n#3 open#v#6 with#CL Dell#n#1 unveil#v#2 AMD-powered#a#ND computer#n#2 .#IT</instance>
<instance id="1138">Try#v#1 to#CL assess#v#1 the#CL damage#n#4 in#CL Cleveland#n#2 .#IT</instance>
<instance id="1142">Bruce#n#1 revel#v#1 in#CL upset#n#1 .#IT</instance>
<instance id="1144">Arthurs#a#ND upset#v#3 Robredo#n#ND in#CL first#a#1 round#n#6 at#CL the#CL St.#n#ND Petersburg#n#2 Open#n#1 .#IT</instance>
<instance id="1151">Cool#a#5 million#n#1 for#CL YouTube#n#ND founder#n#1 .#IT</instance>
<instance id="1155">Microsoft#n#ND to#CL release#v#5 next#a#2 generation#n#1 phone#n#1 .#IT</instance>
<instance id="1157">Teen#a#1 allegedly#r#1 arm#v#2 by#CL mom#n#1 turn#v#2 in#r#1 self#n#1 .#IT</instance>
<instance id="1158">Oxfam#n#ND :#IT action#n#1 need#v#1 for#CL Chad#n#1 .#IT</instance>
<instance id="1168">Kerry#n#ND blast#v#8 escalation#n#1 of#CL misguided#a#2 war#n#1 .#IT</instance>
<instance id="1170">Ronnie#n#ND and#CL Eto#n#ND o#n#1 hug#n#1 and#CL make#v#22 up#r#2 .#IT</instance>
<instance id="1176">Spain#n#1 ahead#r#5 although#CL Nadal#n#ND be#v#1 out#r#2 .#IT</instance>
<instance id="1178">Iran#n#1 reject#v#3 US#CL claim#v#5 of#CL supply#v#1 weapon#n#1 in#CL Iraq#n#1 .#IT</instance>
<instance id="1181">Apple#n#1 rev_up#v#1 Mac#n#1 attack#n#5 on#CL Vista#n#1 .#IT</instance>
<instance id="1182">Fear#n#1 hinder#v#2 black#a#6 marrow#n#5 donation#n#1 .#IT</instance>
<instance id="1187">Woman#n#1 protest#v#2 Pakistan#n#1 demolition#n#1 .#IT</instance>
<instance id="1191">Frustration#n#1 rise#v#1 as#CL North#n#2 Korea#n#1 nuclear#a#1 talk#n#5 stall#v#3 .#IT</instance>
<instance id="1200">Dolphin#n#2 ,#IT sea#n#1 lion#n#1 may#v#ND report#v#1 for#CL duty#n#1 soon#r#1 .#IT</instance>
<instance id="1201">Nasdaq-LSE#a#ND battle#n#3 near#v#1 deadline#n#1 .#IT</instance>
<instance id="1205">Study#n#6 :#IT napping#a#1 might#v#ND help#v#1 heart#n#4 .#IT</instance>
<instance id="1208">Air#n#1 France#n#1 KLM#n#ND profit#n#1 rise#v#1 .#IT</instance>
<instance id="1210">King#n#2 and#CL queen#n#2 reign#v#1 at#CL British#a#1 film#n#1 award#n#2 .#IT</instance>
<instance id="1211">Murphys#a#ND rule#v#2 box#n#4 office#n#7 with#CL `#IT Norbit#n#ND '#''#IT .#IT</instance>
<instance id="1212">Thousand#n#1 rally#v#5 in#CL Lebanon#n#1 .#IT</instance>
<instance id="1220">Group#n#1 :#IT Video#n#2 show#v#4 chopper#n#3 go_down#v#1 .#IT</instance>
<instance id="1232">Obama#n#ND will#v#2 run#v#3 in#CL 2008#a#ND .#IT</instance>
<instance id="1233">`#IT Cagney#n#1 &amp;#CL Lacey#n#ND '#''#IT finally#r#1 come#v#1 to#CL DVD#n#1 .#IT</instance>
<instance id="1234">Merkel#n#ND :#IT Stop#v#9 Iran#n#1 .#IT</instance>
<instance id="1238">Obama#n#ND announce#v#2 presidential#a#2 bid#n#4 .#IT</instance>
<instance id="1239">Tell#v#1 your#CL bos#n#1 :#IT Nap#n#1 be#v#1 good_for_you#a#1 .#IT</instance>
<instance id="1244">Tourism#n#1 lag#v#1 in#CL Bush#n#1 #NT hometown#n#1 .#IT</instance>
<instance id="1249">British#n#1 Airway#n#1 baggage#n#1 charge#n#3 cause#v#2 confusion#n#3 .#IT</instance>
<instance id="1251">St.#n#ND Louis#n#1 poise#v#3 for#CL entertainment#n#1 upswing#n#ND .#IT</instance>
<instance id="1252">New#n#ND York#n#1 City#n#1 may#v#ND ban#v#2 iPod#n#1 while#CL cross#v#1 street#n#1 .#IT</instance>
<instance id="1257">Mogadishu#n#1 resident#n#1 flee#v#1 blast#n#2 .#IT</instance>
<instance id="1263">Singer#n#1 on#CL Cowell#n#ND :#IT Glad#n#1 he#CL be#v#1 mean#a#1 .#IT</instance>
<instance id="1264">Jones#n#1 face#v#2 Europe#n#1 meeting#n#1 snub#v#2 .#IT</instance>
<instance id="1265">Beckham#n#ND goal#n#1 help#v#1 Real#r#1 snatch#v#1 win#n#1 .#IT</instance>
<instance id="1267">Japan#n#2 #NT economy#n#1 grow#v#3 .#IT</instance>
<instance id="1272">Siesta#n#1 cut#v#2 risk#n#1 of#CL heart#n#4 disease#n#1 death#n#1 ,#IT study#n#6 find#v#4 .#IT</instance>
<instance id="1274">Nap#v#1 your#CL way#n#2 to#CL a#CL successful#a#1 career#n#1 .#IT</instance>
<instance id="1283">Fight#v#1 start#n#5 over#CL HPV#n#ND vaccine#n#1 .#IT</instance>
<instance id="1284">Auto#n#1 drive#v#1 European#a#1 gain#n#3 .#IT</instance>
<instance id="1288">On-the-job#a#1 nap#n#1 might#v#ND cut#v#2 heart#n#10 risk#n#1 .#IT</instance>
<instance id="1289">No#CL 1#a#1 Florida#n#1 survive#v#2 Rupp#n#ND Arena#n#3 ,#IT streak#n#3 hit#v#1 16#a#1 .#IT</instance>
<instance id="1290">J.K.#n#ND Rowling#n#ND mark#v#2 spot#n#1 of#CL `#IT Potter#n#1 #NT '#POS#IT end#n#10 .#IT</instance>
<instance id="1295">G7#n#ND :#IT Yen#a#ND skate#v#1 by#CL ,#IT yuan#a#ND single_out#v#1 .#IT</instance>
<instance id="1312">Whistle-blowing#a#ND Web#n#4 site#n#3 expose#v#3 .#IT</instance>
<instance id="1322">Malaysia#n#1 aggressively#r#1 woo#v#2 tourist#n#1 .#IT</instance>
<instance id="1320">North#n#2 Korea#n#1 aid#n#2 demand#v#1 stall#v#3 talk#n#5 .#IT</instance>
<instance id="1340">Study#n#6 :#IT Africa#n#1 #NT Internet#n#1 gap#n#6 get#v#1 wide#a#2 .#IT</instance>
<instance id="1341">Travel#n#3 chaos#n#3 as#CL heavy#a#16 snow#n#1 hit#v#4 UK#n#1 .#IT</instance>
<instance id="1344">Putin#n#1 :#IT U.S.#n#2 force#n#5 foster#v#3 nuke#a#ND ambition#n#2 .#IT</instance>
<instance id="1345">Nuke#n#1 detector#n#1 to#CL ring#v#4 New#n#ND York#n#1 ,#IT official#n#1 say#v#1 .#IT</instance>
<instance id="1354">Teacher#n#1 #NT porn#n#1 conviction#n#1 spark#v#1 tech#a#ND debate#n#1 .#IT</instance>
<instance id="1360">Iraq#n#1 unveil#v#2 new#a#1 security#n#4 plan#n#1 .#IT</instance>
<instance id="1364">Prehistoric#a#1 lover#n#1 find#v#7 lock#v#5 in#CL eternal#a#1 embrace#v#2 .#IT</instance>
<instance id="1365">Chart#n#1 :#IT be#v#1 your#CL city#n#1 lean#a#1 or#CL lethargic#a#1 ?#IT</instance>
<instance id="1370">Siesta#n#1 may#v#ND cut#v#2 heart#n#1 disease#n#1 risk#n#1 .#IT</instance>
<instance id="1374">Shark#n#1 kill#v#1 four#a#1 people#n#1 in#CL dull#a#11 year#n#3 .#IT</instance>
<instance id="1375">Record#n#7 shattering#n#1 day#n#3 on#CL Wall#n#1 St.#n#ND .#IT</instance>
<instance id="1380">Woman#n#1 fight#v#1 to#CL keep#v#1 drunken#a#1 driver#n#1 in#CL jail#n#1 .#IT</instance>
<instance id="1391">Lawmaker#n#1 blast#v#9 FDA#n#1 drug#n#1 safety#n#1 oversight#n#2 .#IT</instance>
<instance id="1398">UK#n#1 soldier#n#1 clear#v#4 of#CL Iraq#n#1 abuse#n#2 .#IT</instance>
<instance id="1407">Higley#n#ND ,#IT Gonzalez#n#ND lead#v#6 in#CL Malaysia#n#1 .#IT</instance>
<instance id="1408">Grammys#n#ND ready#a#1 to#CL name#v#4 winner#n#2 .#IT</instance>
<instance id="1409">Pound#n#12 will#v#3 not#r#1 drop#v#21 Armstrong#n#2 case#n#1 .#IT</instance>
<instance id="1412">Allen#n#3 and#CL Okur#n#ND get#v#11 All-Star#a#ND call#n#12 .#IT</instance>
<instance id="1413">Svindal#a#ND claim#n#1 be#v#1 golden#a#4 double#r#1 .#IT</instance>
<instance id="1433">Breast#n#1 cancer#n#2 drug#n#1 promise#v#2 hope#n#3 .#IT</instance>
<instance id="1434">Ancient#n#2 coin#n#1 show#v#4 Cleopatra#n#1 be#v#1 no#CL beauty#n#1 .#IT</instance>
<instance id="1435">YouTube#n#ND yield#v#10 surprising#a#1 payback#n#1 .#IT</instance>
<instance id="1437">Werder#n#ND make#v#31 10-man#a#ND Ajax#n#1 pay#v#7 price#n#3 .#IT</instance>
<instance id="1439">Report#n#2 link#v#1 human#n#1 to#CL global#a#1 warming#n#1 .#IT</instance>
<instance id="1440">UN#n#1 nuclear#a#1 watchdog#n#2 slash#v#2 Iran#n#1 aid#n#4 .#IT</instance>
<instance id="1441">Survey#n#3 :#IT Tech#n#1 a#CL tool#n#1 in#CL teen#n#1 date#v#4 abuse#n#2 .#IT</instance>
<instance id="1442">The#CL breast#n#1 cancer#n#1 breakthrough#n#1 save#v#2 1000#a#1 woman#n#1 a#CL year#n#1 .#IT</instance>
<instance id="1445">World#n#1 tourism#n#1 set#v#1 record#n#2 in#CL 2006#a#ND .#IT</instance>
<instance id="1453">Lee#n#5 in#CL pre-World#n#ND Cup#n#6 injury#n#1 scare#n#1 .#IT</instance>
<instance id="1463">Late#a#1 food#n#2 fad#n#1 --#IT `#IT space#n#2 potato#n#1 '#POS#IT .#IT</instance>
<instance id="1465">Good#a#1 news#n#2 for#CL slacker#n#1 :#IT Nap#n#1 may#v#ND cut#v#2 risk#n#1 for#CL heart#n#10 problem#n#3 .#IT</instance>
<instance id="1471">Durant#n#1 #NT success#n#2 trump#v#2 the#CL Gator#n#1 .#IT</instance>
<instance id="1475">United#n#ND hang#v#2 on#r#1 to#CL six-point#a#ND lead#n#10 .#IT</instance>
<instance id="1476">Lawyer#n#1 seize#v#4 Smith#n#7 #NT Bahamas#n#1 home#n#2 .#IT</instance>
<instance id="1477">be#v#1 Prince#n#1 #NT super#a#2 show#n#3 too#r#1 revealing#a#1 ?#IT</instance>
<instance id="1481">ROUNDUP#n#3 :#IT Protest#n#2 erupt#v#3 despite#CL ``#IT state#n#7 of#CL siege#n#1 ''#''#IT In#CL Guinea#n#3 .#IT</instance>
<instance id="1485">Serena#n#ND miss#v#3 Bangalore#n#1 tournament#n#1 .#IT</instance>
</corpus>
