<?xml version="1.0" encoding="ISO-8859-1"?><corpus task="affective text">
<instance id="513" target="hero">Ozzy, a Hero for the hard-rocking masses</instance>
<instance id="524"  target="set" target1="record" >Inter Milan set Serie A win record</instance>
<instance id="540" target="way">Golden Globes on their way</instance>
<instance id="541" target="free">At New OZZFEST, Freedom Ain't Free</instance>
<instance id="544" target="bombing">Turner pays for Boston "bombing"</instance>
<instance id="555" target="ban">Move to ban iPods from crossing the street</instance>
<instance id="564" target="hit">Virtual 'American Idol' hits right notes</instance>
<instance id="570" target="loom">Brown not buried as estate issues loom</instance>
<instance id="586" target="climb" target1="record">Visitors to Eiffel Tower climb to record in 2006</instance>
<instance id="588" target="battle">Queen battles Bond for Baftas</instance>
<instance id="596" target="lock">Archaeologists find remains of couple locked in a hug</instance>
<instance id="617" target="wiggle">Bebe Neuwirth gets to 'wiggle again'</instance>
<instance id="621" target="hit">Investigation of child porn site hits 77 nations</instance>
<instance id="624" target="cripple">Ice storm cripples central U.S.</instance>
<instance id="630" target="bombshell">Apple drops bombshell with iPhone</instance>
<instance id="635" target="step">Stepping back in time at ski resort</instance>
<instance id="637" target="combat">Walnuts 'combat unhealthy fats'</instance>
<instance id="646" target="kill">Senator Carl Krueger thinks iPods can kill you</instance>
<instance id="649" target="shine">Matt shines with his Alpine finish</instance>
<instance id="653" target="cool">The energy challenge | Exotic visions: how to cool a planet (maybe)</instance>
<instance id="677" target="suffer">Real suffer Carlos injury setback</instance>
<instance id="684" target="magnet">Guy sweat is babe magnet</instance>
<instance id="690" target="mess">Now it's official: Iraq's a mess</instance>
<instance id="689" target="terror">Terror network</instance>
<instance id="702" target="lead">Commodities lead Europe higher</instance>
<instance id="705" target="doomsday">Doomsday Clock ticking away</instance>
<instance id="728" target="lead">Martins leads Newcastle fightback</instance>
<instance id="732" target="strike">Hackers strike at key Internet servers</instance>
<instance id="738" target="attack">Hackers attack root servers</instance>
<instance id="740" target="attack">Internet attacked! (Did anyone notice?)</instance>
<instance id="742" target="force">Floods force Malaysia evacuations</instance>
<instance id="744"  valence="block" target="infection"  valence_all="halt">Tests of drug to block H.I.V. infection are halted over safety</instance>
<instance id="746" target="lead">Europe take big Royal Trophy lead</instance>
<instance id="755" target="doomsday">Hands on 'Doomsday Clock' move forward</instance> 
<instance id="757" target="hit">Investigation of child porn site hits 77 nations USA Today</instance>
<instance id="769" target="rock">Real Mallorca rock leaders Sevilla</instance>
<instance id="770" target="test" target1="boast">Iran's boast on uranium enrichment is put to test</instance>
<instance id="771" target="danger_zone">Personal health: for teenagers, the car is the danger zone</instance>
<instance id="772" target="flock">Bird watchers flock to see rare owl</instance>
<instance id="776" target="slam">Minister slams airlines on carbon</instance>
<instance id="777"  valence="rare"  target="optimism"  target1= "reach" target2="crossroad">Rare optimism as North Korea talks reach crossroads</instance>
<instance id="782" target="detain">Iraqi forces detain official suspected in Shia conspiracy</instance>
<instance id="783" target="award">Wellcome awards anti-fat research</instance>
<instance id="786" target="aftermath" target1="scandal">What Newsom faces in aftermath of scandal</instance>
<instance id="788"  valence="soar" target="inflation"  target1="economy"  valence1="plunge">As inflation soars, Zimbabwe economy plunges</instance>
<instance id="790" target="fear" target1="shackle">Experts: Fear likely shackled boy</instance>
<instance id="797" target="strip">Bill would strip convicted legislators of pensions</instance>
<instance id="799" target="smoke" valence="halt">In clue to addiction, brain injury halts smoking</instance>
<instance id="812" target="split">Justin Timberlake, Cameron Diaz announce split</instance>
<instance id="813" target="hit">Iran to hit US interests if attacked</instance>
<instance id="819" target="disaster">Carter was a disaster, said Ford</instance>
<instance id="825" target="hit" target1="high">European shares hit fresh highs</instance>
<instance id="836" target="split">Kylie's love split</instance>
<instance id="838" target="hit">Review: virtual 'American Idol' hits right notes</instance>
<instance id="862" target="muscle" valence="strengthen">Russia to strengthen its military muscle</instance>
<instance id="864" target="step">North Korea ready to discuss first steps to nuclear resolution</instance>
<instance id="877" target="nuke" valence="dismantle">North Korea may begin to dismantle nukes</instance>
<instance id="884" target="cutting_edge">Cutting_edge accessories for digital music players</instance>
<instance id="885" target="descend">Ice storm descends on central U.S.</instance>
<instance id="889" target="chaos">Ice storm brings chaos in U.S.</instance>
<instance id="901" target="align">Allied with democrats, Lieberman easily aligns with Republicans</instance>
<instance id="903" target="strike">Iran to strike US interests if attacked</instance>
<instance id="914" target="chaos">Snow causes transport chaos in Britain</instance>
<instance id="917" target="chaos">Heavy snow causes travel chaos and shuts schools</instance>
<instance id="919" target="dig">Luxury digs in South Carolina's Lowcountry</instance>
<instance id="925" target="beget">Observatory: poison begets poison</instance>
<instance id="927" target="turn-on">Why the smell of a man's armpit is a turn-on</instance>
<instance id="929" target="bonus" target1="management" valence="cut" valence1="trim">Dell to cut bonuses, trim management</instance>
<instance id="952" target="crown">Nadal wants Australian Open crown</instance>
<instance id="958" target="slam">Ex-suspect slams anti-terror laws</instance>
<instance id="975"   target="flu"  valence="flare">Deaths as bird flu flares in Asia</instance>
<instance id="982" target="weigh">Israel weighs old city project webcast</instance>
<instance id="983" target="hit">Indonesian bird flu deaths hit 61</instance>
<instance id="1030" target="key">Moscow says Palestine-Israeli contacts key to Mideast peace</instance>
<instance id="1037" target="shore_up">China: Cheney shores_up the trilateral alliance</instance>
<instance id="1052" target="rescue">Royal rescues presidential hopes with commanding performance</instance>
<instance id="1054" target="comfort_zone">Sarkozy comfort_zone offers a royal opportunity</instance>
<instance id="1100" target="harm">Sexualisation 'harms' young girls</instance>
<instance id="1105" target="health" target1="hot_issue" >Health returns as hot issue in '08 race</instance>
<instance id="1108" target="puzzle">Whether to save cord blood can be puzzle for parents</instance>
<instance id="1132" target="hit">Firefox 2.0 hits the Web</instance>
<instance id="1152" target="haven">London market a shopping, dining haven</instance>
<instance id="1195" target="driving_force">Mickelson driving_force at masters</instance>
<instance id="1203" target="open_door">U.S. opens door for Iraqi refugees</instance>
<instance id="1206" target="surging">MySpace sales surging</instance>
<instance id="1207" target="slash">Telecoms giant slashes 12,500 jobs</instance>
<instance id="1227" target="pop_up">Corn stoves popping up in U.S. homes</instance>
<instance id="1292" target="slam">Howard slams Obama on Iraq policy</instance>
<instance id="1297" target="cut_through">Cutting_through the clutter to get things done</instance>
<instance id="1310" valence_all="stir" target="debate" target1="heated">HPV vaccination stirs heated debate in America</instance>
<instance id="1319" target="soar" valence="fail">'Blazing Angels' for PS3 fails to soar</instance>
<instance id="1347" target="scatter">Davydenko out as seeds scattered</instance>
<instance id="1349" target="boot">Paterson boots Scotland to victory</instance>
<instance id="1422" target="colt" target1="wild">Cuban official: Web a 'wild colt'</instance>
<instance id="1425" target="pot" target1="gold" valence_all="not">Smith baby may not be pot of gold</instance>
<instance id="1428" target="dream">Tiempo Libre has Grammy dreams</instance>
<instance id="1457" target="helm">Founder returns to Dell helm</instance>
<instance id="1493" target="escape">Escape to Prague without the summer hordes</instance>
</corpus>